{"cameraMode":{"drawMode":0,"name":"Shaded","section":"Shading Mode"},"sceneLighting":false,"audioPlay":false,"sceneViewState":{"m_AlwaysRefresh":false,"showFog":false,"showSkybox":false,"showFlares":false,"showImageEffects":false,"showParticleSystems":false,"showVisualEffectGraphs":true,"m_FxEnabled":true},"in2DMode":false,"pivot":{"x":0.1408306509256363,"y":0.9646350741386414,"z":-0.07872438430786133},"rotation":{"x":-0.003786715678870678,"y":0.9957841038703919,"z":-0.07782923430204392,"w":-0.04843505471944809},"size":1.1657453775405884,"orthographic":false}