{"cameraMode":{"drawMode":0,"name":"Shaded","section":"Shading Mode"},"sceneLighting":false,"audioPlay":false,"sceneViewState":{"m_AlwaysRefresh":false,"showFog":false,"showSkybox":false,"showFlares":false,"showImageEffects":false,"showParticleSystems":false,"showVisualEffectGraphs":true,"m_FxEnabled":true},"in2DMode":false,"pivot":{"x":-0.10784386098384857,"y":0.7671223878860474,"z":-0.15276747941970826},"rotation":{"x":0.00063995091477409,"y":0.995659351348877,"z":-0.09286410361528397,"w":0.006868181750178337},"size":1.4371449947357178,"orthographic":false}