{"cameraMode":{"drawMode":0,"name":"Shaded","section":"Shading Mode"},"sceneLighting":false,"audioPlay":false,"sceneViewState":{"m_AlwaysRefresh":false,"showFog":false,"showSkybox":false,"showFlares":false,"showImageEffects":false,"showParticleSystems":false,"showVisualEffectGraphs":true,"m_FxEnabled":true},"in2DMode":false,"pivot":{"x":-0.017004653811454774,"y":0.8882723450660706,"z":-0.049765586853027347},"rotation":{"x":0.0034373158123344185,"y":0.9961422681808472,"z":-0.07485107332468033,"w":0.045753058046102527},"size":0.7248096466064453,"orthographic":false}