{"cameraMode":{"drawMode":0,"name":"Shaded","section":"Shading Mode"},"sceneLighting":false,"audioPlay":false,"sceneViewState":{"m_AlwaysRefresh":false,"showFog":false,"showSkybox":false,"showFlares":false,"showImageEffects":false,"showParticleSystems":false,"showVisualEffectGraphs":true,"m_FxEnabled":true},"in2DMode":false,"pivot":{"x":-0.016806766390800477,"y":0.9098230004310608,"z":-0.025916695594787599},"rotation":{"x":0.00006267986464081332,"y":0.9980547428131104,"z":0.0011883837869390846,"w":-0.06265949457883835},"size":0.5444992780685425,"orthographic":false}