{"cameraMode":{"drawMode":0,"name":"Shaded","section":"Shading Mode"},"sceneLighting":false,"audioPlay":false,"sceneViewState":{"m_AlwaysRefresh":false,"showFog":false,"showSkybox":false,"showFlares":false,"showImageEffects":false,"showParticleSystems":false,"showVisualEffectGraphs":true,"m_FxEnabled":true},"in2DMode":false,"pivot":{"x":4.76837158203125e-7,"y":0.8184888362884522,"z":-0.08642091602087021},"rotation":{"x":0.0033907070755958559,"y":0.9960963726043701,"z":-0.07635059952735901,"w":0.0442541167140007},"size":1.0967485904693604,"orthographic":false}