{"cameraMode":{"drawMode":0,"name":"Shaded","section":"Shading Mode"},"sceneLighting":false,"audioPlay":false,"sceneViewState":{"m_AlwaysRefresh":false,"showFog":false,"showSkybox":false,"showFlares":false,"showImageEffects":false,"showParticleSystems":false,"showVisualEffectGraphs":true,"m_FxEnabled":true},"in2DMode":false,"pivot":{"x":0.6159241199493408,"y":0.9597039222717285,"z":-1.2112674713134766},"rotation":{"x":0.004072111565619707,"y":0.9893415570259094,"z":-0.028204234316945077,"w":0.14285002648830415},"size":1.5270757675170899,"orthographic":false}