{"cameraMode":{"drawMode":0,"name":"Shaded","section":"Shading Mode"},"sceneLighting":false,"audioPlay":false,"sceneViewState":{"m_AlwaysRefresh":false,"showFog":false,"showSkybox":false,"showFlares":false,"showImageEffects":false,"showParticleSystems":false,"showVisualEffectGraphs":true,"m_FxEnabled":true},"in2DMode":false,"pivot":{"x":-0.0647558718919754,"y":0.5584315657615662,"z":0.10971605777740479},"rotation":{"x":0.0042221881449222569,"y":0.9833104610443115,"z":-0.18045665323734284,"w":0.02301180362701416},"size":0.8574047684669495,"orthographic":false}