{"cameraMode":{"drawMode":0,"name":"Shaded","section":"Shading Mode"},"sceneLighting":false,"audioPlay":false,"sceneViewState":{"m_AlwaysRefresh":false,"showFog":false,"showSkybox":false,"showFlares":false,"showImageEffects":false,"showParticleSystems":false,"showVisualEffectGraphs":true,"m_FxEnabled":true},"in2DMode":false,"pivot":{"x":0.04810177907347679,"y":0.813869297504425,"z":-0.07854390144348145},"rotation":{"x":-0.0013105699326843024,"y":0.995582103729248,"z":-0.09285718202590943,"w":-0.014040360227227211},"size":1.0309809446334839,"orthographic":false}