{"cameraMode":{"drawMode":0,"name":"Shaded","section":"Shading Mode"},"sceneLighting":false,"audioPlay":false,"sceneViewState":{"m_AlwaysRefresh":false,"showFog":false,"showSkybox":false,"showFlares":false,"showImageEffects":false,"showParticleSystems":false,"showVisualEffectGraphs":true,"m_FxEnabled":true},"in2DMode":false,"pivot":{"x":-0.00437578558921814,"y":0.9680536389350891,"z":-0.08991265296936035},"rotation":{"x":0.002726680599153042,"y":0.997129499912262,"z":-0.061401136219501498,"w":0.04429998621344566},"size":1.0841786861419678,"orthographic":false}