{"cameraMode":{"drawMode":0,"name":"Shaded","section":"Shading Mode"},"sceneLighting":false,"audioPlay":false,"sceneViewState":{"m_AlwaysRefresh":false,"showFog":false,"showSkybox":false,"showFlares":false,"showImageEffects":false,"showParticleSystems":false,"showVisualEffectGraphs":true,"m_FxEnabled":true},"in2DMode":false,"pivot":{"x":-3.5762786865234377e-7,"y":0.7892031073570252,"z":-0.050431616604328158},"rotation":{"x":0.0015288044232875109,"y":0.9978031516075134,"z":-0.06144258752465248,"w":0.02484874799847603},"size":1.009523630142212,"orthographic":false}