{"cameraMode":{"drawMode":0,"name":"Shaded","section":"Shading Mode"},"sceneLighting":false,"audioPlay":false,"sceneViewState":{"m_AlwaysRefresh":false,"showFog":false,"showSkybox":false,"showFlares":false,"showImageEffects":false,"showParticleSystems":false,"showVisualEffectGraphs":true,"m_FxEnabled":true},"in2DMode":false,"pivot":{"x":0.05202798545360565,"y":1.0777208805084229,"z":-0.25429844856262209},"rotation":{"x":0.0008405716507695615,"y":0.9981890916824341,"z":-0.0584610179066658,"w":0.014373157173395157},"size":1.2421690225601197,"orthographic":false}